<?xml version="1.0" encoding="UTF-8"?>

<!-- a custom XML format -->
<table name="vardi">

<row>
<field name="term">KARA</field>
<field name="description_lv">tukšs</field>
</row>

<row>
<field name="term">TE</field>
<field name="description_lv">roka</field>
</row>


<row>
<field name="term">KARATE</field>
<field name="description_lv">tukša roka</field>
</row>

<row>
<field name="term">DO</field>
<field name="description_lv">ceļš</field>
</row>

<row>
<field name="term">KARATE-DO</field>
<field name="description_lv">tukšas rokas ceļš</field>
</row>

<row>
<field name="term">BU</field>
<field name="description_lv">cīņa</field>
</row>

<row>
<field name="term">BUDO</field>
<field name="description_lv">cīņas ceļš</field>
</row>

<row>
<field name="term">BUSHIDO</field>
<field name="description_lv">cīnītāja ceļš</field>
</row>


<row>
<field name="term">RYU</field>
<field name="description_lv">skola</field>
</row>

<row>
<field name="term">SENSEI</field>
<field name="description_lv">skolotājs</field>
</row>

<row>
<field name="term">SEMPAI</field>
<field name="description_lv">vecākais biedrs</field>
</row>

<row>
<field name="term">KOHAI</field>
<field name="description_lv">jaunākais biedrs, skolnieks</field>
</row>

<row>
<field name="term">DOJO</field>
<field name="description_lv">karatē nodarbību zāle</field>
</row>

<row>
<field name="term">KYU</field>
<field name="description_lv">meistarības pakāpe</field>
</row>

<row>
<field name="term">DAN</field>
<field name="description_lv">meistarības pakāpe</field>
</row>

<row>
<field name="term">GI</field>
<field name="description_lv">tērps</field>
</row>

		<row><field name="term">KARATE-GI</field>
		<field name="description_lv">karate tērps</field>
		<field name="parent">GI</field>
		</row>


<row><field name="term">SHOMEN</field>
<field name="description_lv">zāles priekšpuse, galvenā siena</field>
</row>

<row><field name="term">HIDARI</field>
<field name="description_lv">kreisā puse</field>
</row>

<row><field name="term">MIGI</field>
<field name="description_lv">labā puse</field>
</row>

<row><field name="term">MAE</field>
<field name="description_lv">uz priekšu</field>
</row>

<row><field name="term">USHIRO</field>
<field name="description_lv">atpakaļ</field>
</row>

<row><field name="term">MAVATE</field>
<field name="description_lv">virziena maiņa</field>
</row>

<row><field name="term">YOKO</field>
<field name="description_lv">uz sāniem</field>
</row>

<row><field name="term">AGE</field>
<field name="description_lv">uz augšu</field>
</row>

<row><field name="term">OTOSHI</field>
<field name="description_lv">uz leju</field>
</row>

<row><field name="term">SOTO</field>
<field name="description_lv">no ārpuses uz iekšpusi</field>
</row>

<row><field name="term">UCHI</field>
<field name="description_lv">no iekšpuses uz ārpusi</field>
</row>

<row><field name="term">KOSA</field>
<field name="description_lv">krusteniski</field>
</row>


<row><field name="term">MA-AI</field>
<field name="description_lv">distance</field>
</row>

<row><field name="term">GEDAN</field>
<field name="description_lv">apakšējais līmenis</field>
</row>

<row><field name="term">CHUDAN</field>
<field name="description_lv">vidējais līmenis (saules pinums)</field>
</row>

<row><field name="term">SUIGETSU</field>
<field name="description_lv">saules pinums</field>
</row>

<row><field name="term">JODAN</field>
<field name="description_lv">augšējais līmenis (zem deguna)</field>
</row>

<row><field name="term">JINCHU</field>
<field name="description_lv">tieši zem deguna</field>
</row>


<row><field name="term">SAHO</field>
<field name="description_lv">etiķete</field>
</row>

<row><field name="term">REI</field>
<field name="description_lv">cieņas izrādīšana</field>
</row>

                    <row><field name="term">ZAREN-REI</field>
                    <field name="description_lv">cieņas izrādīšana uz ceļiem</field>
					<field name="parent">REI</field>
                    </row>

                    <row><field name="term">RITSU-REI</field>
                    <field name="description_lv">cieņas izrādīšāna stāvus</field>
					<field name="parent">REI</field>
                    </row>

                    <row><field name="term">SHOMEN-NI-REI</field>
                    <field name="description_lv">cieņas izrādīšana pret zāles galveno sienu.</field>
					<field name="parent">REI</field>
                    </row>

                    <row><field name="term">SENSEI-NI-REI</field>
                    <field name="description_lv">cieņas izrādīšana skolotājam</field>
					<field name="parent">REI</field>
                    </row>

<row><field name="term">SEIZA</field>
<field name="description_lv">pozīcija uz ceļiem</field>
</row>


<row><field name="term">YOI</field>
<field name="description_lv">gatavība (uzmanība, koncentrēšanās)</field>
</row>

<row><field name="term">HAJIME</field>
<field name="description_lv">sākt</field>
</row>

<row><field name="term">YAME</field>
<field name="description_lv">pārtraukt jebkādu darbību</field>
</row>

<row><field name="term">JIU</field>
<field name="description_lv">brīvi</field>
</row>


<row><field name="term">KIHON</field>
<field name="description_lv">bāzes tehnika</field>
</row>

<row><field name="term">KATA</field>
<field name="description_lv">cīņa ar ēnu, formālu vingrinājumu komplekss</field>
</row>

<row><field name="term">KUMITE</field>
<field name="description_lv">cīņa ar reālu pretinieku</field>
</row>


<row><field name="term">MIRU</field>
<field name="description_lv">skatiens</field>
</row>

<row><field name="term">DACHI</field>
<field name="description_lv">stāja</field>
</row>

                    <row><field name="term">HEISOKU-DACHI</field>
                    <field name="description_lv">dabīgā stāja, pēdas kopā</field>
					<field name="parent">DACHI</field>
                    </row>

                    <row><field name="term">MUSUBI-DACHI</field>
                    <field name="description_lv">dabīgā stāja, papēži kopā, pēdas izvērstas 45% leņķī</field>
					<field name="parent">DACHI</field>
                    </row>

                    <row><field name="term">HACHIJI-DACHI</field>
                    <field name="description_lv">dabīgā stāja, pēdas gurnu platumā</field>
					<field name="parent">DACHI</field>
                    </row>

                    <row><field name="term">ZEN-KUTSU-DACHI</field>
                    <field name="description_lv">"priekšējā" stāja, 60% svara uz priekšējās kājas, 40% uz aimugurējās</field>
					<field name="parent">DACHI</field>
                    </row>

                    <row><field name="term">KO-KUTSU-DACHI</field>
                    <field name="description_lv">"aizmugurējā" stāja, 30% svara uz priekšējās kājas, 70% uz aizmugurējās</field>
					<field name="parent">DACHI</field>
                    </row>

                    <row><field name="term">KIBA-DACHI</field>
                    <field name="description_lv">"dzelzs jātnieka" stāja, pēdas paralēli, ceļi izvērsti, svara sadalījums 50% uz katras kājas</field>
					<field name="parent">DACHI</field>
                    </row>

                    <row><field name="term">KOSA-DACHI</field>
                    <field name="description_lv">stāja ar sakrustotām kājām un ceļi kopā</field>
					<field name="parent">DACHI</field>
                    </row>

                    <row><field name="term">RENODZI-DACHI</field>
                    <field name="description_lv">papēži uz vienas līnijas, pēdas izveido burtu L, dabīgā stāja</field>
					<field name="parent">DACHI</field>
                    </row>

                    <row><field name="term">HANGETSU-DACHI</field>
                    <field name="description_lv">pusmēness stāja</field>
					<field name="parent">DACHI</field>
                    </row>

                    <row><field name="term">SHIKO-DACHI</field>
                    <field name="description_lv">līdzīgi kā KIBA-DACHI tikai pēdas izvērstas 45% leņķī</field>
					<field name="parent">DACHI</field>
                    </row>


<row><field name="term">WAN</field>
<field name="description_lv">roka</field>
</row>

<row><field name="term">KEN</field>
<field name="description_lv">dūre</field>
</row>

                    <row><field name="term">HIRAKEN</field>
                    <field name="description_lv">dūres priekšpuse</field>
                    <field name="parent">KEN</field>
					</row>

                    <row><field name="term">URAKEN</field>
                    <field name="description_lv">dūres virspuse</field>
					<field name="parent">KEN</field>
                    </row>

                    <row><field name="term">SEIKEN</field>
                    <field name="description_lv">dūres pamatne (apakša)</field>
					<field name="parent">KEN</field>
                    </row>

<row><field name="term">KENTSUI (TETSUI)</field>
<field name="description_lv">"dūre - āmurs"</field>
</row>

<row><field name="term">SHUTO</field>
<field name="description_lv">plaukstas ārējā mala, (zobens)</field>
</row>

<row><field name="term">NUKITE</field>
<field name="description_lv">pirkstu gali izstieptai plaukstai (šķēps)</field>
</row>

<row><field name="term">EMPI</field>
<field name="description_lv">elkonis</field>
</row>

<row><field name="term">TEISHO</field>
<field name="description_lv">plaukstas pamatne</field>
</row>

                   
<row><field name="term">UKE</field>
<field name="description_lv">bloks</field>
</row>

                <row><field name="term">GEDAN-BARAI</field>
				<field name="description_lv">bloks apkšējā līmenī</field>
				<field name="parent">UKE</field>
                </row>

                <row><field name="term">AGE-UKE</field>
				<field name="description_lv">bloks augšējā līmenī</field>
				<field name="parent">UKE</field>
                </row>

                <row><field name="term">SOTO-UKE</field>
				<field name="description_lv">bloks vidējā līmenī no ārpuses uz iekšpusi</field>
				<field name="parent">UKE</field>
                </row>

                <row><field name="term">UCHI-UDE-UKE</field>
				<field name="description_lv">bloks vidējā līmenī no iekšpuses uz ārpusi</field>
				<field name="parent">UKE</field>
                </row>

				<row><field name="term">SHUTO-UKE</field>
				<field name="description_lv">bloks vidējā līmenī (roka-zobens)</field>
				<field name="parent">UKE</field>
                </row>

                <row><field name="term">MOROTE-UKE</field>
				<field name="description_lv">divkāršs bloks</field>
				<field name="parent">UKE</field>
                </row>


<row><field name="term">ASHI</field>
<field name="description_lv">kāja</field>
</row>

<row><field name="term">KO-SHI</field>
<field name="description_lv">pēdas priekšējā apakšējā daļa ("tīģera ilknis")</field>
</row>

<row><field name="term">SOKUTO</field>
<field name="description_lv">pēdas ārējā mala</field>
</row>

<row><field name="term">KAKATO</field>
<field name="description_lv">papēdis, "apaļais papēdis"</field>
</row>

<row><field name="term">HEISOKU</field>
<field name="description_lv">pēdas augšējā daļa</field>
</row>

<row><field name="term">TSUMASAKI</field>
<field name="description_lv">pirkstu gali</field>
</row>

<row><field name="term">HIZA</field>
<field name="description_lv">celis</field>
</row>

<row><field name="term">HIZAGIRA</field>
<field name="description_lv">celis</field>
</row>


<row><field name="term">ZUKI</field>
<field name="description_lv">sitiens ar dūri</field>
					</row>
					<row><field name="term">CHOKU-ZUKI</field>
					<field name="description_lv">taisns sitiens, uz vietas</field>
					<field name="parent">ZUKI</field>
					</row>

                   <row><field name="term">OI-ZUKI</field>
					<field name="description_lv">sitiens pārvietojoties uz priekšu</field>
				   <field name="parent">ZUKI</field>
					</row>

                   <row><field name="term">GYAKU-ZUKI</field>
					<field name="description_lv">sitiens pārvietojoties uz priekšu pretējā roka un kāja</field>
					<field name="parent">ZUKI</field>
					</row>

                   <row><field name="term">KIZAMI-ZUKI</field>
					<field name="description_lv">durošs sitiens</field>
					<field name="parent">ZUKI</field>
					</row>

                   <row><field name="term">SAN-REN-ZUKI</field>
					<field name="description_lv">trīskārtējs sitiens, mainot rokas (jodan-chudan-chudan)</field>
					<field name="parent">ZUKI</field>
					</row>

                   <row><field name="term">MOROTE-ZUKI</field>
					<field name="description_lv">sitiens ar divām rokām</field>
					<field name="parent">ZUKI</field>
					</row>

                   <row><field name="term">NAGASHI-ZUKI</field>
					<field name="description_lv">slīdošs sitiens</field>
					<field name="parent">ZUKI</field>
					</row>


<row><field name="term">GERI</field>
<field name="description_lv">spēriens</field>
</row>

					<row><field name="term">MAE-GERI</field>
					<field name="description_lv">taisns spēriens</field>
					<field name="parent">GERI</field>
					</row>

					<row><field name="term">MAE-ASHI-GERI</field>
					<field name="description_lv">taisns spēriens ar priekšējo kāju</field>
					<field name="parent">GERI</field>
					</row>

					<row><field name="term">MAWASHI-GERI</field>
					<field name="description_lv">pusapļa spēriens</field>
					<field name="parent">GERI</field>
					</row>

					<row><field name="term">USHIRO-GERI</field>
					<field name="description_lv">spēriens taisni atpakaļ</field>
					<field name="parent">GERI</field>
					</row>

					<row><field name="term">TOBI-GERI</field>
					<field name="description_lv">spēriens lēcienā</field>
					<field name="parent">GERI</field>
					</row>

					<row><field name="term">YOKO-GERI</field>
					<field name="description_lv">spēriens uz sāniem</field>
					<field name="parent">GERI</field>
					</row>

							<row><field name="term">YOKO-KEAGE</field>
							<field name="description_lv">cērtošs uz augšu</field>
							<field name="parent">YOKO-GERI</field>
							</row>

							<row><field name="term">YOKO-KEKOMI</field>
							<field name="description_lv">grūdošs</field>
							<field name="parent">YOKO-GERI</field>
							</row>
 

</table>

