<?xml version="1.0" encoding="UTF-8"?>
<beans xmlns="http://www.springframework.org/schema/beans"
	xmlns:xsi="http://www.w3.org/2001/XMLSchema-instance"
	xmlns:aop="http://www.springframework.org/schema/aop"
	xsi:schemaLocation=" http://www.springframework.org/schema/beans http://www.springframework.org/schema/beans/spring-beans.xsd http://www.springframework.org/schema/aop http://www.springframework.org/schema/aop/spring-aop.xsd">
	
	
	<!-- lets use the Commons-based implementation of the MultipartResolver interface -->
	<bean id="multipartResolver"
		class="org.springframework.web.multipart.commons.CommonsMultipartResolver"/>
	
	<bean id="urlMapping"
		class="org.springframework.web.servlet.handler.SimpleUrlHandlerMapping">
		<property name="mappings">
			<props>
				<prop key="/index">renamingController</prop>
				<prop key="/uploadToBytes">uploadToBytesController</prop>
				<prop key="/uploadMPF">uploadMPFController</prop>
			</props>
		</property>
	</bean>
	
	<bean id="renamingController"
		class="lv.webkursi.web2007a.sem06.web.RenamingController">
	</bean>
	
	<bean id="uploadToBytesController"
		class="lv.webkursi.web2007a.sem06.upload.UploadToBytesController">
		<property name="commandClass"
			value="lv.webkursi.web2007a.sem06.upload.UploadToBytesBean"/>
		<property name="formView" value="uploadToBytes"/>
		<property name="successView" value="confirm"/>
	</bean>
	
	<bean id="uploadMPFController"
		class="lv.webkursi.web2007a.sem06.upload.UploadMPFController">
		<property name="commandClass"
			value="lv.webkursi.web2007a.sem06.upload.UploadMPFBean"/>
		<property name="formView" value="uploadMPF"/>
		<property name="successView" value="confirm"/>
	</bean>
	
	<bean id="viewResolverPlain"
		class="org.springframework.web.servlet.view.InternalResourceViewResolver">
		<property name="prefix" value="/WEB-INF/jsp/"/>
		<property name="suffix" value=".jsp"/>
		<property name="order">
			<value>1</value>
		</property>
	</bean>
	
</beans>