<?xml version="1.0" encoding="UTF-8"?>
<beans xmlns="http://www.springframework.org/schema/beans"
	xmlns:xsi="http://www.w3.org/2001/XMLSchema-instance"	
	xsi:schemaLocation=" http://www.springframework.org/schema/beans http://www.springframework.org/schema/beans/spring-beans.xsd">
	<bean id="webServer" class="org.test.spring.WebServerBeanFactory"> 
		<property name="handler" ref="handler"/>
		<property name="serverBinding" ref="serverBinding"/>
	</bean>
	
	<bean id="handler" class="org.test.spring.SimpleHandler">
		<property name="messageBodyWriter" ref="messageBody"/>
	</bean>
	
	<bean id="messageBody" class="org.test.spring.MessageBodyWriter">
		<property name="message">
			<value>Hello</value>
		</property>
	</bean>
	
	<bean id="serverBinding" class="org.test.spring.ServerBindingBean">
		<property name="port" value="8787"/>
		<!-- hostName is optional
		<property name="hostName" value="localhost"/>		
		-->
	</bean>
	
</beans>